{"cameraMode":{"drawMode":0,"name":"Shaded","section":"Shading Mode"},"sceneLighting":true,"audioPlay":false,"sceneViewState":{"m_AlwaysRefresh":false,"showFog":true,"showSkybox":true,"showFlares":true,"showImageEffects":true,"showParticleSystems":true,"showVisualEffectGraphs":true,"m_FxEnabled":true},"in2DMode":false,"pivot":{"x":-3.3255231380462648,"y":90.49009704589844,"z":2.009730339050293},"rotation":{"x":-0.6785640716552734,"y":-0.0006636742618866265,"z":0.000612468458712101,"w":-0.7345359325408936},"size":26.106782913208009,"orthographic":true}